name,category_id,color,size,design,mrp,client_id,client_vendor_id,centre_id,pack_size,id,cpid,hsn_code,hsn_id,price
EMILI 12_18M 101 | NR221531,1050,LightGreen,12_18M,NR221531,79,22095,4078,20074,1,102243,103337,61046200,374,42
EMILI 18_24M 101 | NR221532,1050,LightGreen,18_24M,NR221532,79,22095,4078,20074,1,102244,103338,61046200,374,42
EMILI 6_12M 101 | NR221533,1050,Grey Melange,6_12M,NR221533,79,22095,4078,20074,1,102245,103339,61046200,374,42
EMILI 12_18M 101 | NR221534,1050,Grey Melange,12_18M,NR221534,79,22095,4078,20074,1,102246,103340,61046200,374,42
EMILI 18_24M 101 | NR221535,1050,Grey Melange,18_24M,NR221535,79,22095,4078,20074,1,102247,103341,61046200,374,42
EMILI 6_12M 102 | NR221536,1050,Navy,6_12M,NR221536,79,22095,4078,20074,1,102248,103342,61046200,374,42
EMILI 12_18M 102 | NR221537,1050,Navy,12_18M,NR221537,79,22095,4078,20074,1,102249,103343,61046200,374,42
EMILI 18_24M 102 | NR221538,1050,Navy,18_24M,NR221538,79,22095,4078,20074,1,102250,103344,61046200,374,42
EMILI 6_12M 102 | NR221539,1050,White,6_12M,NR221539,79,22095,4078,20074,1,102251,103345,61046200,374,42
EMILI 12_18M 102 | NR221540,1050,White,12_18M,NR221540,79,22095,4078,20074,1,102252,103346,61046200,374,42
EMILI 18_24M 102 | NR221541,1050,White,18_24M,NR221541,79,22095,4078,20074,1,102253,103347,61046200,374,42
EMILI 6_12M 103 | NR221542,1050,Baby Pink,6_12M,NR221542,79,22095,4078,20074,1,102254,103348,61046200,374,42
EMILI 12_18M 103 | NR221543,1050,Baby Pink,12_18M,NR221543,79,22095,4078,20074,1,102255,103349,61046200,374,42
EMILI 18_24M 103 | NR221544,1050,Baby Pink,18_24M,NR221544,79,22095,4078,20074,1,102256,103350,61046200,374,42
EMILI 6_12M 103 | NR221545,1050,LightGreen,6_12M,NR221545,79,22095,4078,20074,1,102257,103351,61046200,374,42
EMILI 12_18M 103 | NR221546,1050,LightGreen,12_18M,NR221546,79,22095,4078,20074,1,102258,103352,61046200,374,42
EMILI 18_24M 103 | NR221547,1050,LightGreen,18_24M,NR221547,79,22095,4078,20074,1,102259,103353,61046200,374,42
EMILI 6_12M 104 | NR221548,1050,Lemon,6_12M,NR221548,79,22095,4078,20074,1,102260,103354,61046200,374,42
EMILI 12_18M 104 | NR221549,1050,Lemon,12_18M,NR221549,79,22095,4078,20074,1,102261,103355,61046200,374,42
EMILI 18_24M 104 | NR221550,1050,Lemon,18_24M,NR221550,79,22095,4078,20074,1,102262,103356,61046200,374,42
EMILI 6_12M 104 | NR221551,1050,Navy,6_12M,NR221551,79,22095,4078,20074,1,102263,103357,61046200,374,42
EMILI 12_18M 104 | NR221552,1050,Navy,12_18M,NR221552,79,22095,4078,20074,1,102264,103358,61046200,374,42
EMILI 18_24M 104 | NR221553,1050,Navy,18_24M,NR221553,79,22095,4078,20074,1,102265,103359,61046200,374,42
EMILI 2_3Y 5D | NR226577,1050,Yellow,2_3Y,NR226577,79,22095,4078,20074,1,102266,103360,61046200,374,50
EMILI 4_5Y 5D | NR226578,1050,Yellow,4_5Y,NR226578,79,22095,4078,20074,1,102267,103361,61046200,374,50
EMILI 6_7Y 5D | NR226579,1050,Yellow,6_7Y,NR226579,79,22095,4078,20074,1,102268,103362,61046200,374,50
EMILI 8_9Y 5D | NR226580,1050,Yellow,8_9Y,NR226580,79,22095,4078,20074,1,102269,103363,61046200,374,50
EMILI 2_3Y 5D | NR226581,1050,Peach,2_3Y,NR226581,79,22095,4078,20074,1,102270,103364,61046200,374,50
EMILI 4_5Y 5D | NR226582,1050,Peach,4_5Y,NR226582,79,22095,4078,20074,1,102271,103365,61046200,374,50
EMILI 6_7Y 5D | NR226583,1050,Peach,6_7Y,NR226583,79,22095,4078,20074,1,102272,103366,61046200,374,50
EMILI 8_9Y 5D | NR226584,1050,Peach,8_9Y,NR226584,79,22095,4078,20074,1,102273,103367,61046200,374,50
EMILI 2_3Y 5D | NR226585,1050,Baby Pink,2_3Y,NR226585,79,22095,4078,20074,1,102274,103368,61046200,374,50
EMILI 4_5Y 5D | NR226586,1050,Baby Pink,4_5Y,NR226586,79,22095,4078,20074,1,102275,103369,61046200,374,50
EMILI 6_7Y 5D | NR226587,1050,Baby Pink,6_7Y,NR226587,79,22095,4078,20074,1,102276,103370,61046200,374,50
EMILI 8_9Y 5D | NR226588,1050,Baby Pink,8_9Y,NR226588,79,22095,4078,20074,1,102277,103371,61046200,374,50
EMILI 2_3Y 5D | NR226589,1050,Navy,2_3Y,NR226589,79,22095,4078,20074,1,102278,103372,61046200,374,50
EMILI 4_5Y 5D | NR226590,1050,Navy,4_5Y,NR226590,79,22095,4078,20074,1,102279,103373,61046200,374,50
EMILI 6_7Y 5D | NR226591,1050,Navy,6_7Y,NR226591,79,22095,4078,20074,1,102280,103374,61046200,374,50
EMILI 8_9Y 5D | NR226592,1050,Navy,8_9Y,NR226592,79,22095,4078,20074,1,102281,103375,61046200,374,50
EMILI 2_3Y 5D | NR226593,1050,Black,2_3Y,NR226593,79,22095,4078,20074,1,102282,103376,61046200,374,50
EMILI 4_5Y 5D | NR226594,1050,Black,4_5Y,NR226594,79,22095,4078,20074,1,102283,103377,61046200,374,50
EMILI 6_7Y 5D | NR226595,1050,Black,6_7Y,NR226595,79,22095,4078,20074,1,102284,103378,61046200,374,50
EMILI 8_9Y 5D | NR226596,1050,Black,8_9Y,NR226596,79,22095,4078,20074,1,102285,103379,61046200,374,50
EMILI 2_3Y 5D | NR226597,1050,Turquoise,2_3Y,NR226597,79,22095,4078,20074,1,102286,103380,61046200,374,50
EMILI 4_5Y 5D | NR226598,1050,Turquoise,4_5Y,NR226598,79,22095,4078,20074,1,102287,103381,61046200,374,50
EMILI 6_7Y 5D | NR226599,1050,Turquoise,6_7Y,NR226599,79,22095,4078,20074,1,102288,103382,61046200,374,50
EMILI 8_9Y 5D | NR226600,1050,Turquoise,8_9Y,NR226600,79,22095,4078,20074,1,102289,103383,61046200,374,50
EMILI 10_11Y 6D | NR226637,1050,Yellow,10_11Y,NR226637,79,22095,4078,20074,1,102290,103384,61046200,374,50
EMILI 12_13Y 6D | NR226638,1050,Yellow,12_13Y,NR226638,79,22095,4078,20074,1,102291,103385,61046200,374,50
EMILI 14_15Y 6D | NR226639,1050,Yellow,14_15Y,NR226639,79,22095,4078,20074,1,102292,103386,61046200,374,50
EMILI 10_11Y 6D | NR226640,1050,Peach,10_11Y,NR226640,79,22095,4078,20074,1,102293,103387,61046200,374,50
EMILI 12_13Y 6D | NR226641,1050,Peach,12_13Y,NR226641,79,22095,4078,20074,1,102294,103388,61046200,374,50
EMILI 14_15Y 6D | NR226642,1050,Peach,14_15Y,NR226642,79,22095,4078,20074,1,102295,103389,61046200,374,50
EMILI 10_11Y 6D | NR226643,1050,Navy,10_11Y,NR226643,79,22095,4078,20074,1,102296,103390,61046200,374,50
EMILI 12_13Y 6D | NR226644,1050,Navy,12_13Y,NR226644,79,22095,4078,20074,1,102297,103391,61046200,374,50
EMILI 14_15Y 6D | NR226645,1050,Navy,14_15Y,NR226645,79,22095,4078,20074,1,102298,103392,61046200,374,50
EMILI 10_11Y 6D | NR226646,1050,Black,10_11Y,NR226646,79,22095,4078,20074,1,102299,103393,61046200,374,50
EMILI 12_13Y 6D | NR226647,1050,Black,12_13Y,NR226647,79,22095,4078,20074,1,102300,103394,61046200,374,50
EMILI 14_15Y 6D | NR226648,1050,Black,14_15Y,NR226648,79,22095,4078,20074,1,102301,103395,61046200,374,50
EMILI 10_11Y 6D | NR226649,1050,Ecru Melange,10_11Y,NR226649,79,22095,4078,20074,1,102302,103396,61046200,374,50
EMILI 12_13Y 6D | NR226650,1050,Ecru Melange,12_13Y,NR226650,79,22095,4078,20074,1,102303,103397,61046200,374,50
EMILI 14_15Y 6D | NR226651,1050,Ecru Melange,14_15Y,NR226651,79,22095,4078,20074,1,102304,103398,61046200,374,50
EMILI 10_11Y 6D | NR226652,1050,Mint,10_11Y,NR226652,79,22095,4078,20074,1,102305,103399,61046200,374,50
EMILI 12_13Y 6D | NR226653,1050,Mint,12_13Y,NR226653,79,22095,4078,20074,1,102306,103400,61046200,374,50
EMILI 14_15Y 6D | NR226654,1050,Mint,14_15Y,NR226654,79,22095,4078,20074,1,102307,103401,61046200,374,50
EMILI 10_11Y 6D | NR226655,1050,Baby Pink,10_11Y,NR226655,79,22095,4078,20074,1,102308,103402,61046200,374,50
EMILI 12_13Y 6D | NR226656,1050,Baby Pink,12_13Y,NR226656,79,22095,4078,20074,1,102309,103403,61046200,374,50
EMILI 14_15Y 6D | NR226657,1050,Baby Pink,14_15Y,NR226657,79,22095,4078,20074,1,102310,103404,61046200,374,50
EMILI 10_11Y 6D | NR226658,1050,Navy,10_11Y,NR226658,79,22095,4078,20074,1,102311,103405,61046200,374,50
EMILI 12_13Y 6D | NR226659,1050,Navy,12_13Y,NR226659,79,22095,4078,20074,1,102312,103406,61046200,374,50
EMILI 14_15Y 6D | NR226660,1050,Navy,14_15Y,NR226660,79,22095,4078,20074,1,102313,103407,61046200,374,50
EMILI 10_11Y 6D | NR226661,1050,Red,10_11Y,NR226661,79,22095,4078,20074,1,102314,103408,61046200,374,50
EMILI 12_13Y 6D | NR226662,1050,Red,12_13Y,NR226662,79,22095,4078,20074,1,102315,103409,61046200,374,50
EMILI 14_15Y 6D | NR226663,1050,Red,14_15Y,NR226663,79,22095,4078,20074,1,102316,103410,61046200,374,50
EMILI 10_11Y 6D | NR226664,1050,Black,10_11Y,NR226664,79,22095,4078,20074,1,102317,103411,61046200,374,50
EMILI 12_13Y 6D | NR226665,1050,Black,12_13Y,NR226665,79,22095,4078,20074,1,102318,103412,61046200,374,50
EMILI 14_15Y 6D | NR226666,1050,Black,14_15Y,NR226666,79,22095,4078,20074,1,102319,103413,61046200,374,50
EMILI 10_11Y 6D | NR226667,1050,Ecru Melange,10_11Y,NR226667,79,22095,4078,20074,1,102320,103414,61046200,374,50
EMILI 12_13Y 6D | NR226668,1050,Ecru Melange,12_13Y,NR226668,79,22095,4078,20074,1,102321,103415,61046200,374,50
EMILI 14_15Y 6D | NR226669,1050,Ecru Melange,14_15Y,NR226669,79,22095,4078,20074,1,102322,103416,61046200,374,50
EMILI 10_11Y 6D | NR226670,1050,Turquoise,10_11Y,NR226670,79,22095,4078,20074,1,102323,103417,61046200,374,50
EMILI 12_13Y 6D | NR226671,1050,Turquoise,12_13Y,NR226671,79,22095,4078,20074,1,102324,103418,61046200,374,50
EMILI 14_15Y 6D | NR226672,1050,Turquoise,14_15Y,NR226672,79,22095,4078,20074,1,102325,103419,61046200,374,50
EMILI 10_11Y 5D | NR226673,1050,Peach,10_11Y,NR226673,99,22095,4078,20074,1,102326,103420,61046200,374,58
EMILI 12_13Y 5D | NR226674,1050,Peach,12_13Y,NR226674,99,22095,4078,20074,1,102327,103421,61046200,374,58
EMILI 14_15Y 5D | NR226675,1050,Peach,14_15Y,NR226675,99,22095,4078,20074,1,102328,103422,61046200,374,58
EMILI 10_11Y 5D | NR226676,1050,Navy,10_11Y,NR226676,99,22095,4078,20074,1,102329,103423,61046200,374,58
EMILI 12_13Y 5D | NR226677,1050,Navy,12_13Y,NR226677,99,22095,4078,20074,1,102330,103424,61046200,374,58
EMILI 14_15Y 5D | NR226678,1050,Navy,14_15Y,NR226678,99,22095,4078,20074,1,102331,103425,61046200,374,58
EMILI 10_11Y 5D | NR226679,1050,Red,10_11Y,NR226679,99,22095,4078,20074,1,102332,103426,61046200,374,58
EMILI 12_13Y 5D | NR226680,1050,Red,12_13Y,NR226680,99,22095,4078,20074,1,102333,103427,61046200,374,58
EMILI 14_15Y 5D | NR226681,1050,Red,14_15Y,NR226681,99,22095,4078,20074,1,102334,103428,61046200,374,58
EMILI 10_11Y 5D | NR226682,1050,Mint,10_11Y,NR226682,99,22095,4078,20074,1,102335,103429,61046200,374,58
EMILI 12_13Y 5D | NR226683,1050,Mint,12_13Y,NR226683,99,22095,4078,20074,1,102336,103430,61046200,374,58
EMILI 14_15Y 5D | NR226684,1050,Mint,14_15Y,NR226684,99,22095,4078,20074,1,102337,103431,61046200,374,58
EMILI 10_11Y 5D | NR226685,1050,Baby Pink,10_11Y,NR226685,99,22095,4078,20074,1,102338,103432,61046200,374,53
EMILI 12_13Y 5D | NR226686,1050,Baby Pink,12_13Y,NR226686,99,22095,4078,20074,1,102339,103433,61046200,374,53
EMILI 14_15Y 5D | NR226687,1050,Baby Pink,14_15Y,NR226687,99,22095,4078,20074,1,102340,103434,61046200,374,53
EMILI 10_11Y 5D | NR226688,1050,Yellow,10_11Y,NR226688,99,22095,4078,20074,1,102341,103435,61046200,374,53
EMILI 12_13Y 5D | NR226689,1050,Yellow,12_13Y,NR226689,99,22095,4078,20074,1,102342,103436,61046200,374,53
EMILI 14_15Y 5D | NR226690,1050,Yellow,14_15Y,NR226690,99,22095,4078,20074,1,102343,103437,61046200,374,53
EMILI 10_11Y 5D | NR226691,1050,Purple,10_11Y,NR226691,99,22095,4078,20074,1,102344,103438,61046200,374,53
EMILI 12_13Y 5D | NR226692,1050,Purple,12_13Y,NR226692,99,22095,4078,20074,1,102345,103439,61046200,374,53
EMILI 14_15Y 5D | NR226693,1050,Purple,14_15Y,NR226693,99,22095,4078,20074,1,102346,103440,61046200,374,53
EMILI 10_11Y 5D | NR226694,1050,Ecru Melange,10_11Y,NR226694,99,22095,4078,20074,1,102347,103441,61046200,374,53
EMILI 12_13Y 5D | NR226695,1050,Ecru Melange,12_13Y,NR226695,99,22095,4078,20074,1,102348,103442,61046200,374,53
EMILI 14_15Y 5D | NR226696,1050,Ecru Melange,14_15Y,NR226696,99,22095,4078,20074,1,102349,103443,61046200,374,53
EMILI 10_11Y 5D | NR226697,1050,Turquoise,10_11Y,NR226697,99,22095,4078,20074,1,102350,103444,61046200,374,53
EMILI 12_13Y 5D | NR226698,1050,Turquoise,12_13Y,NR226698,99,22095,4078,20074,1,102351,103445,61046200,374,53
EMILI 14_15Y 5D | NR226699,1050,Turquoise,14_15Y,NR226699,99,22095,4078,20074,1,102352,103446,61046200,374,53
EMILI 10_11Y 5D | NR226700,1050,Black,10_11Y,NR226700,99,22095,4078,20074,1,102353,103447,61046200,374,58
EMILI 12_13Y 5D | NR226701,1050,Black,12_13Y,NR226701,99,22095,4078,20074,1,102354,103448,61046200,374,58
EMILI 14_15Y 5D | NR226702,1050,Black,14_15Y,NR226702,99,22095,4078,20074,1,102355,103449,61046200,374,58
EMILI 10_11Y 1D | NR226703,1050,White,10_11Y,NR226703,99,22095,4078,20074,1,102356,103450,61046200,374,56
EMILI 12_13Y 1D | NR226704,1050,White,12_13Y,NR226704,99,22095,4078,20074,1,102357,103451,61046200,374,56
EMILI 14_15Y 1D | NR226705,1050,White,14_15Y,NR226705,99,22095,4078,20074,1,102358,103452,61046200,374,56
EMILI 10_11Y 2D | NR226706,1050,Pink,10_11Y,NR226706,99,22095,4078,20074,1,102359,103453,61046200,374,56
EMILI 12_13Y 2D | NR226707,1050,Pink,12_13Y,NR226707,99,22095,4078,20074,1,102360,103454,61046200,374,56
EMILI 14_15Y 2D | NR226708,1050,Pink,14_15Y,NR226708,99,22095,4078,20074,1,102361,103455,61046200,374,56
EMILI 10_11Y 3D | NR226709,1050,Grey Melange,10_11Y,NR226709,99,22095,4078,20074,1,102362,103456,61046200,374,56
EMILI 12_13Y 3D | NR226710,1050,Grey Melange,12_13Y,NR226710,99,22095,4078,20074,1,102363,103457,61046200,374,56
EMILI 14_15Y 3D | NR226711,1050,Grey Melange,14_15Y,NR226711,99,22095,4078,20074,1,102364,103458,61046200,374,56
EMILI 2_3Y 5D | NR269475,1050,Mauve,2_3Y,NR269475,79,22095,4078,20074,1,102365,103459,61046200,374,54
EMILI 4_5Y 5D | NR269476,1050,Mauve,4_5Y,NR269476,79,22095,4078,20074,1,102366,103460,61046200,374,54
EMILI 6_7Y 5D | NR269477,1050,Mauve,6_7Y,NR269477,79,22095,4078,20074,1,102367,103461,61046200,374,54
EMILI 8_9Y 5D | NR269478,1050,Mauve,8_9Y,NR269478,79,22095,4078,20074,1,102368,103462,61046200,374,54
EMILI 2_3Y 5D | NR269479,1050,Sky Blue,2_3Y,NR269479,79,22095,4078,20074,1,102369,103463,61046200,374,54
EMILI 4_5Y 5D | NR269480,1050,Sky Blue,4_5Y,NR269480,79,22095,4078,20074,1,102370,103464,61046200,374,54
EMILI 6_7Y 5D | NR269481,1050,Sky Blue,6_7Y,NR269481,79,22095,4078,20074,1,102371,103465,61046200,374,54
EMILI 8_9Y 5D | NR269482,1050,Sky Blue,8_9Y,NR269482,79,22095,4078,20074,1,102372,103466,61046200,374,54
EMILI 2_3Y 5D | NR269483,1050,Sea Green,2_3Y,NR269483,79,22095,4078,20074,1,102373,103467,61046200,374,54
EMILI 4_5Y 5D | NR269484,1050,Sea Green,4_5Y,NR269484,79,22095,4078,20074,1,102374,103468,61046200,374,54
EMILI 6_7Y 5D | NR269485,1050,Sea Green,6_7Y,NR269485,79,22095,4078,20074,1,102375,103469,61046200,374,54
EMILI 8_9Y 5D | NR269486,1050,Sea Green,8_9Y,NR269486,79,22095,4078,20074,1,102376,103470,61046200,374,54
EMILI 2_3Y 5D | NR269487,1050,Black,2_3Y,NR269487,79,22095,4078,20074,1,102377,103471,61046200,374,54
EMILI 4_5Y 5D | NR269488,1050,Black,4_5Y,NR269488,79,22095,4078,20074,1,102378,103472,61046200,374,54
EMILI 6_7Y 5D | NR269489,1050,Black,6_7Y,NR269489,79,22095,4078,20074,1,102379,103473,61046200,374,54
EMILI 8_9Y 5D | NR269490,1050,Black,8_9Y,NR269490,79,22095,4078,20074,1,102380,103474,61046200,374,54
EMILI 2_3Y 5D | NR269491,1050,White,2_3Y,NR269491,79,22095,4078,20074,1,102381,103475,61046200,374,54
EMILI 4_5Y 5D | NR269492,1050,White,4_5Y,NR269492,79,22095,4078,20074,1,102382,103476,61046200,374,54
EMILI 6_7Y 5D | NR269493,1050,White,6_7Y,NR269493,79,22095,4078,20074,1,102383,103477,61046200,374,54
EMILI 8_9Y 5D | NR269494,1050,White,8_9Y,NR269494,79,22095,4078,20074,1,102384,103478,61046200,374,54
EMILI 2_3Y 5D | NR269495,1050,Baby Pink,2_3Y,NR269495,99,22095,4078,20074,1,102385,103479,61046200,374,58
EMILI 4_5Y 5D | NR269496,1050,Baby Pink,4_5Y,NR269496,99,22095,4078,20074,1,102386,103480,61046200,374,58
EMILI 6_7Y 5D | NR269497,1050,Baby Pink,6_7Y,NR269497,99,22095,4078,20074,1,102387,103481,61046200,374,58
EMILI 8_9Y 5D | NR269498,1050,Baby Pink,8_9Y,NR269498,99,22095,4078,20074,1,102388,103482,61046200,374,58
EMILI 2_3Y 5D | NR269499,1050,Red,2_3Y,NR269499,99,22095,4078,20074,1,102389,103483,61046200,374,58
EMILI 4_5Y 5D | NR269500,1050,Red,4_5Y,NR269500,99,22095,4078,20074,1,102390,103484,61046200,374,58
EMILI 6_7Y 5D | NR269501,1050,Red,6_7Y,NR269501,99,22095,4078,20074,1,102391,103485,61046200,374,58
EMILI 8_9Y 5D | NR269502,1050,Red,8_9Y,NR269502,99,22095,4078,20074,1,102392,103486,61046200,374,58
EMILI 2_3Y 5D | NR269503,1050,Sea Green,2_3Y,NR269503,99,22095,4078,20074,1,102393,103487,61046200,374,58
EMILI 4_5Y 5D | NR269504,1050,Sea Green,4_5Y,NR269504,99,22095,4078,20074,1,102394,103488,61046200,374,58
EMILI 6_7Y 5D | NR269505,1050,Sea Green,6_7Y,NR269505,99,22095,4078,20074,1,102395,103489,61046200,374,58
EMILI 8_9Y 5D | NR269506,1050,Sea Green,8_9Y,NR269506,99,22095,4078,20074,1,102396,103490,61046200,374,58
EMILI 2_3Y 5D | NR269507,1050,Sky Blue,2_3Y,NR269507,99,22095,4078,20074,1,102397,103491,61046200,374,58
EMILI 4_5Y 5D | NR269508,1050,Sky Blue,4_5Y,NR269508,99,22095,4078,20074,1,102398,103492,61046200,374,58
EMILI 6_7Y 5D | NR269509,1050,Sky Blue,6_7Y,NR269509,99,22095,4078,20074,1,102399,103493,61046200,374,58
EMILI 8_9Y 5D | NR269510,1050,Sky Blue,8_9Y,NR269510,99,22095,4078,20074,1,102400,103494,61046200,374,58
EMILI 2_3Y 5D | NR269511,1050,Lemon,2_3Y,NR269511,99,22095,4078,20074,1,102401,103495,61046200,374,58
EMILI 4_5Y 5D | NR269512,1050,Lemon,4_5Y,NR269512,99,22095,4078,20074,1,102402,103496,61046200,374,58
EMILI 6_7Y 5D | NR269513,1050,Lemon,6_7Y,NR269513,99,22095,4078,20074,1,102403,103497,61046200,374,58
EMILI 8_9Y 5D | NR269514,1050,Lemon,8_9Y,NR269514,99,22095,4078,20074,1,102404,103498,61046200,374,58
EMILI 2_3Y 5D | NR269515,1050,Lemon,2_3Y,NR269515,99,22095,4078,20074,1,102405,103499,61046200,374,63
EMILI 4_5Y 5D | NR269516,1050,Lemon,4_5Y,NR269516,99,22095,4078,20074,1,102406,103500,61046200,374,63
EMILI 6_7Y 5D | NR269517,1050,Lemon,6_7Y,NR269517,99,22095,4078,20074,1,102407,103501,61046200,374,63
EMILI 8_9Y 5D | NR269518,1050,Lemon,8_9Y,NR269518,99,22095,4078,20074,1,102408,103502,61046200,374,63
EMILI 2_3Y 5D | NR269519,1050,Black,2_3Y,NR269519,99,22095,4078,20074,1,102409,103503,61046200,374,63
EMILI 4_5Y 5D | NR269520,1050,Black,4_5Y,NR269520,99,22095,4078,20074,1,102410,103504,61046200,374,63
EMILI 6_7Y 5D | NR269521,1050,Black,6_7Y,NR269521,99,22095,4078,20074,1,102411,103505,61046200,374,63
EMILI 8_9Y 5D | NR269522,1050,Black,8_9Y,NR269522,99,22095,4078,20074,1,102412,103506,61046200,374,63
EMILI 2_3Y 5D | NR269523,1050,Red,2_3Y,NR269523,99,22095,4078,20074,1,102413,103507,61046200,374,63
EMILI 4_5Y 5D | NR269524,1050,Red,4_5Y,NR269524,99,22095,4078,20074,1,102414,103508,61046200,374,63
EMILI 6_7Y 5D | NR269525,1050,Red,6_7Y,NR269525,99,22095,4078,20074,1,102415,103509,61046200,374,63
EMILI 8_9Y 5D | NR269526,1050,Red,8_9Y,NR269526,99,22095,4078,20074,1,102416,103510,61046200,374,63
EMILI 2_3Y 5D | NR269527,1050,Sea Green,2_3Y,NR269527,99,22095,4078,20074,1,102417,103511,61046200,374,63
EMILI 4_5Y 5D | NR269528,1050,Sea Green,4_5Y,NR269528,99,22095,4078,20074,1,102418,103512,61046200,374,63
EMILI 6_7Y 5D | NR269529,1050,Sea Green,6_7Y,NR269529,99,22095,4078,20074,1,102419,103513,61046200,374,63
EMILI 8_9Y 5D | NR269530,1050,Sea Green,8_9Y,NR269530,99,22095,4078,20074,1,102420,103514,61046200,374,63
EMILI 2_3Y 5D | NR269531,1050,Fuchsia,2_3Y,NR269531,99,22095,4078,20074,1,102421,103515,61046200,374,63
EMILI 4_5Y 5D | NR269532,1050,Fuchsia,4_5Y,NR269532,99,22095,4078,20074,1,102422,103516,61046200,374,63
EMILI 6_7Y 5D | NR269533,1050,Fuchsia,6_7Y,NR269533,99,22095,4078,20074,1,102423,103517,61046200,374,63
EMILI 8_9Y 5D | NR269534,1050,Fuchsia,8_9Y,NR269534,99,22095,4078,20074,1,102424,103518,61046200,374,63
EMILI 2_3Y 5D | NR269535,1050,Pink,2_3Y,NR269535,79,22095,4078,20074,1,102425,103519,61046200,374,54
EMILI 4_5Y 5D | NR269536,1050,Pink,4_5Y,NR269536,79,22095,4078,20074,1,102426,103520,61046200,374,54
EMILI 6_7Y 5D | NR269537,1050,Pink,6_7Y,NR269537,79,22095,4078,20074,1,102427,103521,61046200,374,54
EMILI 8_9Y 5D | NR269538,1050,Pink,8_9Y,NR269538,79,22095,4078,20074,1,102428,103522,61046200,374,54
EMILI 2_3Y 5D | NR269539,1050,Sky Blue,2_3Y,NR269539,79,22095,4078,20074,1,102429,103523,61046200,374,54
EMILI 4_5Y 5D | NR269540,1050,Sky Blue,4_5Y,NR269540,79,22095,4078,20074,1,102430,103524,61046200,374,54
EMILI 6_7Y 5D | NR269541,1050,Sky Blue,6_7Y,NR269541,79,22095,4078,20074,1,102431,103525,61046200,374,54
EMILI 8_9Y 5D | NR269542,1050,Sky Blue,8_9Y,NR269542,79,22095,4078,20074,1,102432,103526,61046200,374,54
EMILI 2_3Y 5D | NR269543,1050,LightGreen,2_3Y,NR269543,79,22095,4078,20074,1,102433,103527,61046200,374,54
EMILI 4_5Y 5D | NR269544,1050,LightGreen,4_5Y,NR269544,79,22095,4078,20074,1,102434,103528,61046200,374,54
EMILI 6_7Y 5D | NR269545,1050,LightGreen,6_7Y,NR269545,79,22095,4078,20074,1,102435,103529,61046200,374,54
EMILI 8_9Y 5D | NR269546,1050,LightGreen,8_9Y,NR269546,79,22095,4078,20074,1,102436,103530,61046200,374,54
EMILI 2_3Y 5D | NR269547,1050,Lemon,2_3Y,NR269547,79,22095,4078,20074,1,102437,103531,61046200,374,54
EMILI 4_5Y 5D | NR269548,1050,Lemon,4_5Y,NR269548,79,22095,4078,20074,1,102438,103532,61046200,374,54
EMILI 6_7Y 5D | NR269549,1050,Lemon,6_7Y,NR269549,79,22095,4078,20074,1,102439,103533,61046200,374,54
EMILI 8_9Y 5D | NR269550,1050,Lemon,8_9Y,NR269550,79,22095,4078,20074,1,102440,103534,61046200,374,54
EMILI 2_3Y 5D | NR269551,1050,White,2_3Y,NR269551,79,22095,4078,20074,1,102441,103535,61046200,374,54
EMILI 4_5Y 5D | NR269552,1050,White,4_5Y,NR269552,79,22095,4078,20074,1,102442,103536,61046200,374,54
EMILI 6_7Y 5D | NR269553,1050,White,6_7Y,NR269553,79,22095,4078,20074,1,102443,103537,61046200,374,54
EMILI 8_9Y 5D | NR269554,1050,White,8_9Y,NR269554,79,22095,4078,20074,1,102444,103538,61046200,374,54
EMILI 2_3Y 2D | NR269555,1050,Lemon,2_3Y,NR269555,79,22095,4078,20074,1,102445,103539,61046200,374,54
EMILI 4_5Y 2D | NR269556,1050,Lemon,4_5Y,NR269556,79,22095,4078,20074,1,102446,103540,61046200,374,54
EMILI 6_7Y 2D | NR269557,1050,Lemon,6_7Y,NR269557,79,22095,4078,20074,1,102447,103541,61046200,374,54
EMILI 8_9Y 2D | NR269558,1050,Lemon,8_9Y,NR269558,79,22095,4078,20074,1,102448,103542,61046200,374,54
EMILI 2_3Y 2D | NR269559,1050,Ecru Melange,2_3Y,NR269559,79,22095,4078,20074,1,102449,103543,61046200,374,54
EMILI 4_5Y 2D | NR269560,1050,Ecru Melange,4_5Y,NR269560,79,22095,4078,20074,1,102450,103544,61046200,374,54
EMILI 6_7Y 2D | NR269561,1050,Ecru Melange,6_7Y,NR269561,79,22095,4078,20074,1,102451,103545,61046200,374,54
EMILI 8_9Y 2D | NR269562,1050,Ecru Melange,8_9Y,NR269562,79,22095,4078,20074,1,102452,103546,61046200,374,54
EMILI 2_3Y 2D | NR269563,1050,LightGreen,2_3Y,NR269563,99,22095,4078,20074,1,102453,103547,61046200,374,58
EMILI 4_5Y 2D | NR269564,1050,LightGreen,4_5Y,NR269564,99,22095,4078,20074,1,102454,103548,61046200,374,58
EMILI 6_7Y 2D | NR269565,1050,LightGreen,6_7Y,NR269565,99,22095,4078,20074,1,102455,103549,61046200,374,58
EMILI 8_9Y 2D | NR269566,1050,LightGreen,8_9Y,NR269566,99,22095,4078,20074,1,102456,103550,61046200,374,58
EMILI 2_3Y 2D | NR269567,1050,Mauve,2_3Y,NR269567,99,22095,4078,20074,1,102457,103551,61046200,374,58
EMILI 4_5Y 2D | NR269568,1050,Mauve,4_5Y,NR269568,99,22095,4078,20074,1,102458,103552,61046200,374,58
EMILI 6_7Y 2D | NR269569,1050,Mauve,6_7Y,NR269569,99,22095,4078,20074,1,102459,103553,61046200,374,58
EMILI 8_9Y 2D | NR269570,1050,Mauve,8_9Y,NR269570,99,22095,4078,20074,1,102460,103554,61046200,374,58
EMILI 2_3Y 2D | NR269571,1050,LightGreen,2_3Y,NR269571,99,22095,4078,20074,1,102461,103555,61046200,374,63
EMILI 4_5Y 2D | NR269572,1050,LightGreen,4_5Y,NR269572,99,22095,4078,20074,1,102462,103556,61046200,374,63
EMILI 6_7Y 2D | NR269573,1050,LightGreen,6_7Y,NR269573,99,22095,4078,20074,1,102463,103557,61046200,374,63
EMILI 8_9Y 2D | NR269574,1050,LightGreen,8_9Y,NR269574,99,22095,4078,20074,1,102464,103558,61046200,374,63
EMILI 2_3Y 2D | NR269575,1050,Ecru Melange,2_3Y,NR269575,99,22095,4078,20074,1,102465,103559,61046200,374,63
EMILI 4_5Y 2D | NR269576,1050,Ecru Melange,4_5Y,NR269576,99,22095,4078,20074,1,102466,103560,61046200,374,63
EMILI 6_7Y 2D | NR269577,1050,Ecru Melange,6_7Y,NR269577,99,22095,4078,20074,1,102467,103561,61046200,374,63
EMILI 8_9Y 2D | NR269578,1050,Ecru Melange,8_9Y,NR269578,99,22095,4078,20074,1,102468,103562,61046200,374,63
EMILI 2_3Y 3D | NR269579,1050,Baby Pink,2_3Y,NR269579,79,22095,4078,20074,1,102469,103563,61046200,374,54
EMILI 4_5Y 3D | NR269580,1050,Baby Pink,4_5Y,NR269580,79,22095,4078,20074,1,102470,103564,61046200,374,54
EMILI 6_7Y 3D | NR269581,1050,Baby Pink,6_7Y,NR269581,79,22095,4078,20074,1,102471,103565,61046200,374,54
EMILI 8_9Y 3D | NR269582,1050,Baby Pink,8_9Y,NR269582,79,22095,4078,20074,1,102472,103566,61046200,374,54
EMILI 2_3Y 3D | NR269583,1050,Red,2_3Y,NR269583,79,22095,4078,20074,1,102473,103567,61046200,374,54
EMILI 4_5Y 3D | NR269584,1050,Red,4_5Y,NR269584,79,22095,4078,20074,1,102474,103568,61046200,374,54
EMILI 6_7Y 3D | NR269585,1050,Red,6_7Y,NR269585,79,22095,4078,20074,1,102475,103569,61046200,374,54
EMILI 8_9Y 3D | NR269586,1050,Red,8_9Y,NR269586,79,22095,4078,20074,1,102476,103570,61046200,374,54
EMILI 2_3Y 3D | NR269587,1050,Lemon,2_3Y,NR269587,79,22095,4078,20074,1,102477,103571,61046200,374,54
EMILI 4_5Y 3D | NR269588,1050,Lemon,4_5Y,NR269588,79,22095,4078,20074,1,102478,103572,61046200,374,54
EMILI 6_7Y 3D | NR269589,1050,Lemon,6_7Y,NR269589,79,22095,4078,20074,1,102479,103573,61046200,374,54
EMILI 8_9Y 3D | NR269590,1050,Lemon,8_9Y,NR269590,79,22095,4078,20074,1,102480,103574,61046200,374,54
EMILI 2_3Y 3D | NR269591,1050,Sky Blue,2_3Y,NR269591,79,22095,4078,20074,1,102481,103575,61046200,374,54
EMILI 4_5Y 3D | NR269592,1050,Sky Blue,4_5Y,NR269592,79,22095,4078,20074,1,102482,103576,61046200,374,54
EMILI 6_7Y 3D | NR269593,1050,Sky Blue,6_7Y,NR269593,79,22095,4078,20074,1,102483,103577,61046200,374,54
EMILI 8_9Y 3D | NR269594,1050,Sky Blue,8_9Y,NR269594,79,22095,4078,20074,1,102484,103578,61046200,374,54
EMILI 2_3Y 3D | NR269595,1050,LightGreen,2_3Y,NR269595,79,22095,4078,20074,1,102485,103579,61046200,374,54
EMILI 4_5Y 3D | NR269596,1050,LightGreen,4_5Y,NR269596,79,22095,4078,20074,1,102486,103580,61046200,374,54
EMILI 6_7Y 3D | NR269597,1050,LightGreen,6_7Y,NR269597,79,22095,4078,20074,1,102487,103581,61046200,374,54
EMILI 8_9Y 3D | NR269598,1050,LightGreen,8_9Y,NR269598,79,22095,4078,20074,1,102488,103582,61046200,374,54
EMILI 2_3Y 3D | NR269599,1050,Fuchsia,2_3Y,NR269599,79,22095,4078,20074,1,102489,103583,61046200,374,54
EMILI 4_5Y 3D | NR269600,1050,Fuchsia,4_5Y,NR269600,79,22095,4078,20074,1,102490,103584,61046200,374,54
EMILI 6_7Y 3D | NR269601,1050,Fuchsia,6_7Y,NR269601,79,22095,4078,20074,1,102491,103585,61046200,374,54
EMILI 8_9Y 3D | NR269602,1050,Fuchsia,8_9Y,NR269602,79,22095,4078,20074,1,102492,103586,61046200,374,54
EMILI 2_3Y 2D | NR269603,1050,Lemon,2_3Y,NR269603,99,22095,4078,20074,1,102493,103587,61046200,374,58
EMILI 4_5Y 2D | NR269604,1050,Lemon,4_5Y,NR269604,99,22095,4078,20074,1,102494,103588,61046200,374,58
EMILI 6_7Y 2D | NR269605,1050,Lemon,6_7Y,NR269605,99,22095,4078,20074,1,102495,103589,61046200,374,58
EMILI 8_9Y 2D | NR269606,1050,Lemon,8_9Y,NR269606,99,22095,4078,20074,1,102496,103590,61046200,374,58
EMILI 2_3Y 2D | NR269607,1050,Black,2_3Y,NR269607,99,22095,4078,20074,1,102497,103591,61046200,374,58
EMILI 4_5Y 2D | NR269608,1050,Black,4_5Y,NR269608,99,22095,4078,20074,1,102498,103592,61046200,374,58
EMILI 6_7Y 2D | NR269609,1050,Black,6_7Y,NR269609,99,22095,4078,20074,1,102499,103593,61046200,374,58
EMILI 8_9Y 2D | NR269610,1050,Black,8_9Y,NR269610,99,22095,4078,20074,1,102500,103594,61046200,374,58
EMILI 2_3Y 2D | NR269611,1050,Sky Blue,2_3Y,NR269611,99,22095,4078,20074,1,102501,103595,61046200,374,63
EMILI 4_5Y 2D | NR269612,1050,Sky Blue,4_5Y,NR269612,99,22095,4078,20074,1,102502,103596,61046200,374,63
EMILI 6_7Y 2D | NR269613,1050,Sky Blue,6_7Y,NR269613,99,22095,4078,20074,1,102503,103597,61046200,374,63
EMILI 8_9Y 2D | NR269614,1050,Sky Blue,8_9Y,NR269614,99,22095,4078,20074,1,102504,103598,61046200,374,63
EMILI 2_3Y 2D | NR269615,1050,Pink,2_3Y,NR269615,99,22095,4078,20074,1,102505,103599,61046200,374,63
EMILI 4_5Y 2D | NR269616,1050,Pink,4_5Y,NR269616,99,22095,4078,20074,1,102506,103600,61046200,374,63
EMILI 6_7Y 2D | NR269617,1050,Pink,6_7Y,NR269617,99,22095,4078,20074,1,102507,103601,61046200,374,63
EMILI 8_9Y 2D | NR269618,1050,Pink,8_9Y,NR269618,99,22095,4078,20074,1,102508,103602,61046200,374,63
EMILI 2_3Y 1D | NR269619,1050,Black,2_3Y,NR269619,79,22095,4078,20074,1,102509,103603,61046200,374,54
EMILI 4_5Y 1D | NR269620,1050,Black,4_5Y,NR269620,79,22095,4078,20074,1,102510,103604,61046200,374,54
EMILI 6_7Y 1D | NR269621,1050,Black,6_7Y,NR269621,79,22095,4078,20074,1,102511,103605,61046200,374,54
EMILI 8_9Y 1D | NR269622,1050,Black,8_9Y,NR269622,79,22095,4078,20074,1,102512,103606,61046200,374,54
EMILI 10_11Y 7D | NR269657,1050,Red,10_11Y,NR269657,79,22095,4078,20074,1,102513,103607,61046200,374,54
EMILI 12_13Y 7D | NR269658,1050,Red,12_13Y,NR269658,79,22095,4078,20074,1,102514,103608,61046200,374,54
EMILI 14_15Y 7D | NR269659,1050,Red,14_15Y,NR269659,79,22095,4078,20074,1,102515,103609,61046200,374,54
EMILI 16Y 7D | NR269660,1050,Red,16Y,NR269660,79,22095,4078,20074,1,102516,103610,61046200,374,54
EMILI 10_11Y 7D | NR269661,1050,White,10_11Y,NR269661,79,22095,4078,20074,1,102517,103611,61046200,374,54
EMILI 12_13Y 7D | NR269662,1050,White,12_13Y,NR269662,79,22095,4078,20074,1,102518,103612,61046200,374,54
EMILI 14_15Y 7D | NR269663,1050,White,14_15Y,NR269663,79,22095,4078,20074,1,102519,103613,61046200,374,54
EMILI 16Y 7D | NR269664,1050,White,16Y,NR269664,79,22095,4078,20074,1,102520,103614,61046200,374,54
EMILI 10_11Y 7D | NR269665,1050,Ecru Melange,10_11Y,NR269665,79,22095,4078,20074,1,102521,103615,61046200,374,54
EMILI 12_13Y 7D | NR269666,1050,Ecru Melange,12_13Y,NR269666,79,22095,4078,20074,1,102522,103616,61046200,374,54
EMILI 14_15Y 7D | NR269667,1050,Ecru Melange,14_15Y,NR269667,79,22095,4078,20074,1,102523,103617,61046200,374,54
EMILI 16Y 7D | NR269668,1050,Ecru Melange,16Y,NR269668,79,22095,4078,20074,1,102524,103618,61046200,374,54
EMILI 10_11Y 7D | NR269669,1050,Sea Green,10_11Y,NR269669,79,22095,4078,20074,1,102525,103619,61046200,374,54
EMILI 12_13Y 7D | NR269670,1050,Sea Green,12_13Y,NR269670,79,22095,4078,20074,1,102526,103620,61046200,374,54
EMILI 14_15Y 7D | NR269671,1050,Sea Green,14_15Y,NR269671,79,22095,4078,20074,1,102527,103621,61046200,374,54
EMILI 16Y 7D | NR269672,1050,Sea Green,16Y,NR269672,79,22095,4078,20074,1,102528,103622,61046200,374,54
EMILI 10_11Y 7D | NR269673,1050,Pink,10_11Y,NR269673,79,22095,4078,20074,1,102529,103623,61046200,374,54
EMILI 12_13Y 7D | NR269674,1050,Pink,12_13Y,NR269674,79,22095,4078,20074,1,102530,103624,61046200,374,54
EMILI 14_15Y 7D | NR269675,1050,Pink,14_15Y,NR269675,79,22095,4078,20074,1,102531,103625,61046200,374,54
EMILI 16Y 7D | NR269676,1050,Pink,16Y,NR269676,79,22095,4078,20074,1,102532,103626,61046200,374,54
EMILI 10_11Y 7D | NR269677,1050,Lemon,10_11Y,NR269677,79,22095,4078,20074,1,102533,103627,61046200,374,54
EMILI 12_13Y 7D | NR269678,1050,Lemon,12_13Y,NR269678,79,22095,4078,20074,1,102534,103628,61046200,374,54
EMILI 14_15Y 7D | NR269679,1050,Lemon,14_15Y,NR269679,79,22095,4078,20074,1,102535,103629,61046200,374,54
EMILI 16Y 7D | NR269680,1050,Lemon,16Y,NR269680,79,22095,4078,20074,1,102536,103630,61046200,374,54
EMILI 10_11Y 7D | NR269681,1050,Sky Blue,10_11Y,NR269681,79,22095,4078,20074,1,102537,103631,61046200,374,54
EMILI 12_13Y 7D | NR269682,1050,Sky Blue,12_13Y,NR269682,79,22095,4078,20074,1,102538,103632,61046200,374,54
EMILI 14_15Y 7D | NR269683,1050,Sky Blue,14_15Y,NR269683,79,22095,4078,20074,1,102539,103633,61046200,374,54
EMILI 16Y 7D | NR269684,1050,Sky Blue,16Y,NR269684,79,22095,4078,20074,1,102540,103634,61046200,374,54
EMILI 10_11Y 2D | NR269685,1050,Black,10_11Y,NR269685,99,22095,4078,20074,1,102541,103635,61046200,374,63
EMILI 10_11Y 2D | NR269685,1050,Black,10_11Y,NR269685,99,22095,4078,20074,1,102542,103636,61046200,374,63
EMILI 12_13Y 2D | NR269686,1050,Black,12_13Y,NR269686,99,22095,4078,20074,1,102543,103637,61046200,374,63
EMILI 12_13Y 2D | NR269686,1050,Black,12_13Y,NR269686,99,22095,4078,20074,1,102544,103638,61046200,374,63
EMILI 14_15Y 2D | NR269687,1050,Black,14_15Y,NR269687,99,22095,4078,20074,1,102545,103639,61046200,374,63
EMILI 14_15Y 2D | NR269687,1050,Black,14_15Y,NR269687,99,22095,4078,20074,1,102546,103640,61046200,374,63
EMILI 16Y 2D | NR269688,1050,Black,16Y,NR269688,99,22095,4078,20074,1,102547,103641,61046200,374,63
EMILI 16Y 2D | NR269688,1050,Black,16Y,NR269688,99,22095,4078,20074,1,102548,103642,61046200,374,63
EMILI 10_11Y 2D | NR269689,1050,LightGreen,10_11Y,NR269689,99,22095,4078,20074,1,102549,103643,61046200,374,63
EMILI 12_13Y 2D | NR269690,1050,LightGreen,12_13Y,NR269690,99,22095,4078,20074,1,102550,103644,61046200,374,63
EMILI 14_15Y 2D | NR269691,1050,LightGreen,14_15Y,NR269691,99,22095,4078,20074,1,102551,103645,61046200,374,63
EMILI 16Y 2D | NR269692,1050,LightGreen,16Y,NR269692,99,22095,4078,20074,1,102552,103646,61046200,374,63
EMILI 10_11Y 7D | NR269693,1050,Mauve,10_11Y,NR269693,79,22095,4078,20074,1,102553,103647,61046200,374,54
EMILI 12_13Y 7D | NR269694,1050,Mauve,12_13Y,NR269694,79,22095,4078,20074,1,102554,103648,61046200,374,54
EMILI 14_15Y 7D | NR269695,1050,Mauve,14_15Y,NR269695,79,22095,4078,20074,1,102555,103649,61046200,374,54
EMILI 16Y 7D | NR269696,1050,Mauve,16Y,NR269696,79,22095,4078,20074,1,102556,103650,61046200,374,54
EMILI 10_11Y 7D | NR269697,1050,White,10_11Y,NR269697,79,22095,4078,20074,1,102557,103651,61046200,374,54
EMILI 12_13Y 7D | NR269698,1050,White,12_13Y,NR269698,79,22095,4078,20074,1,102558,103652,61046200,374,54
EMILI 14_15Y 7D | NR269699,1050,White,14_15Y,NR269699,79,22095,4078,20074,1,102559,103653,61046200,374,54
EMILI 16Y 7D | NR269700,1050,White,16Y,NR269700,79,22095,4078,20074,1,102560,103654,61046200,374,54
EMILI 10_11Y 7D | NR269701,1050,Black,10_11Y,NR269701,79,22095,4078,20074,1,102561,103655,61046200,374,54
EMILI 12_13Y 7D | NR269702,1050,Black,12_13Y,NR269702,79,22095,4078,20074,1,102562,103656,61046200,374,54
EMILI 14_15Y 7D | NR269703,1050,Black,14_15Y,NR269703,79,22095,4078,20074,1,102563,103657,61046200,374,54
EMILI 16Y 7D | NR269704,1050,Black,16Y,NR269704,79,22095,4078,20074,1,102564,103658,61046200,374,54
EMILI 10_11Y 7D | NR269705,1050,Red,10_11Y,NR269705,79,22095,4078,20074,1,102565,103659,61046200,374,54
EMILI 12_13Y 7D | NR269706,1050,Red,12_13Y,NR269706,79,22095,4078,20074,1,102566,103660,61046200,374,54
EMILI 14_15Y 7D | NR269707,1050,Red,14_15Y,NR269707,79,22095,4078,20074,1,102567,103661,61046200,374,54
EMILI 16Y 7D | NR269708,1050,Red,16Y,NR269708,79,22095,4078,20074,1,102568,103662,61046200,374,54
EMILI 10_11Y 7D | NR269709,1050,LightGreen,10_11Y,NR269709,79,22095,4078,20074,1,102569,103663,61046200,374,54
EMILI 12_13Y 7D | NR269710,1050,LightGreen,12_13Y,NR269710,79,22095,4078,20074,1,102570,103664,61046200,374,54
EMILI 14_15Y 7D | NR269711,1050,LightGreen,14_15Y,NR269711,79,22095,4078,20074,1,102571,103665,61046200,374,54
EMILI 16Y 7D | NR269712,1050,LightGreen,16Y,NR269712,79,22095,4078,20074,1,102572,103666,61046200,374,54
EMILI 10_11Y 7D | NR269713,1050,Baby Pink,10_11Y,NR269713,79,22095,4078,20074,1,102573,103667,61046200,374,54
EMILI 12_13Y 7D | NR269714,1050,Baby Pink,12_13Y,NR269714,79,22095,4078,20074,1,102574,103668,61046200,374,54
EMILI 14_15Y 7D | NR269715,1050,Baby Pink,14_15Y,NR269715,79,22095,4078,20074,1,102575,103669,61046200,374,54
EMILI 16Y 7D | NR269716,1050,Baby Pink,16Y,NR269716,79,22095,4078,20074,1,102576,103670,61046200,374,54
EMILI 10_11Y 7D | NR269717,1050,Sky Blue,10_11Y,NR269717,79,22095,4078,20074,1,102577,103671,61046200,374,54
EMILI 12_13Y 7D | NR269718,1050,Sky Blue,12_13Y,NR269718,79,22095,4078,20074,1,102578,103672,61046200,374,54
EMILI 14_15Y 7D | NR269719,1050,Sky Blue,14_15Y,NR269719,79,22095,4078,20074,1,102579,103673,61046200,374,54
EMILI 16Y 7D | NR269720,1050,Sky Blue,16Y,NR269720,79,22095,4078,20074,1,102580,103674,61046200,374,54
EMILI 10_11Y 2D | NR269721,1050,Baby Pink,10_11Y,NR269721,79,22095,4078,20074,1,102581,103675,61046200,374,54
EMILI 12_13Y 2D | NR269722,1050,Baby Pink,12_13Y,NR269722,79,22095,4078,20074,1,102582,103676,61046200,374,54
EMILI 14_15Y 2D | NR269723,1050,Baby Pink,14_15Y,NR269723,79,22095,4078,20074,1,102583,103677,61046200,374,54
EMILI 16Y 2D | NR269724,1050,Baby Pink,16Y,NR269724,79,22095,4078,20074,1,102584,103678,61046200,374,54
EMILI 10_11Y 2D | NR269725,1050,Sea Green,10_11Y,NR269725,79,22095,4078,20074,1,102585,103679,61046200,374,54
EMILI 12_13Y 2D | NR269726,1050,Sea Green,12_13Y,NR269726,79,22095,4078,20074,1,102586,103680,61046200,374,54
EMILI 14_15Y 2D | NR269727,1050,Sea Green,14_15Y,NR269727,79,22095,4078,20074,1,102587,103681,61046200,374,54
EMILI 16Y 2D | NR269728,1050,Sea Green,16Y,NR269728,79,22095,4078,20074,1,102588,103682,61046200,374,54
EMILI 10_11Y 2D | NR269729,1050,Fuchsia,10_11Y,NR269729,99,22095,4078,20074,1,102589,103683,61046200,374,63
EMILI 12_13Y 2D | NR269730,1050,Fuchsia,12_13Y,NR269730,99,22095,4078,20074,1,102590,103684,61046200,374,63
EMILI 14_15Y 2D | NR269731,1050,Fuchsia,14_15Y,NR269731,99,22095,4078,20074,1,102591,103685,61046200,374,63
EMILI 16Y 2D | NR269732,1050,Fuchsia,16Y,NR269732,99,22095,4078,20074,1,102592,103686,61046200,374,63
EMILI 10_11Y 2D | NR269733,1050,Sky Blue,10_11Y,NR269733,99,22095,4078,20074,1,102593,103687,61046200,374,58
EMILI 12_13Y 2D | NR269734,1050,Sky Blue,12_13Y,NR269734,99,22095,4078,20074,1,102594,103688,61046200,374,58
EMILI 14_15Y 2D | NR269735,1050,Sky Blue,14_15Y,NR269735,99,22095,4078,20074,1,102595,103689,61046200,374,58
EMILI 16Y 2D | NR269736,1050,Sky Blue,16Y,NR269736,99,22095,4078,20074,1,102596,103690,61046200,374,58
EMILI 10_11Y 2D | NR269737,1050,White,10_11Y,NR269737,99,22095,4078,20074,1,102597,103691,61046200,374,58
EMILI 12_13Y 2D | NR269738,1050,White,12_13Y,NR269738,99,22095,4078,20074,1,102598,103692,61046200,374,58
EMILI 14_15Y 2D | NR269739,1050,White,14_15Y,NR269739,99,22095,4078,20074,1,102599,103693,61046200,374,58
EMILI 16Y 2D | NR269740,1050,White,16Y,NR269740,99,22095,4078,20074,1,102600,103694,61046200,374,58
EMILI 10_11Y 2D | NR269741,1050,Lemon,10_11Y,NR269741,79,22095,4078,20074,1,102601,103695,61046200,374,54
EMILI 12_13Y 2D | NR269742,1050,Lemon,12_13Y,NR269742,79,22095,4078,20074,1,102602,103696,61046200,374,54
EMILI 14_15Y 2D | NR269743,1050,Lemon,14_15Y,NR269743,79,22095,4078,20074,1,102603,103697,61046200,374,54
EMILI 16Y 2D | NR269744,1050,Lemon,16Y,NR269744,79,22095,4078,20074,1,102604,103698,61046200,374,54
EMILI 10_11Y 2D | NR269745,1050,Ecru Melange,10_11Y,NR269745,79,22095,4078,20074,1,102605,103699,61046200,374,54
EMILI 12_13Y 2D | NR269746,1050,Ecru Melange,12_13Y,NR269746,79,22095,4078,20074,1,102606,103700,61046200,374,54
EMILI 14_15Y 2D | NR269747,1050,Ecru Melange,14_15Y,NR269747,79,22095,4078,20074,1,102607,103701,61046200,374,54
EMILI 16Y 2D | NR269748,1050,Ecru Melange,16Y,NR269748,79,22095,4078,20074,1,102608,103702,61046200,374,54
EMILI 10_11Y 3D | NR269749,1050,Black,10_11Y,NR269749,79,22095,4078,20074,1,102609,103703,61046200,374,54
EMILI 12_13Y 3D | NR269750,1050,Black,12_13Y,NR269750,79,22095,4078,20074,1,102610,103704,61046200,374,54
EMILI 14_15Y 3D | NR269751,1050,Black,14_15Y,NR269751,79,22095,4078,20074,1,102611,103705,61046200,374,54
EMILI 16Y 3D | NR269752,1050,Black,16Y,NR269752,79,22095,4078,20074,1,102612,103706,61046200,374,54
EMILI 10_11Y 3D | NR269753,1050,White,10_11Y,NR269753,79,22095,4078,20074,1,102613,103707,61046200,374,54
EMILI 12_13Y 3D | NR269754,1050,White,12_13Y,NR269754,79,22095,4078,20074,1,102614,103708,61046200,374,54
EMILI 14_15Y 3D | NR269755,1050,White,14_15Y,NR269755,79,22095,4078,20074,1,102615,103709,61046200,374,54
EMILI 16Y 3D | NR269756,1050,White,16Y,NR269756,79,22095,4078,20074,1,102616,103710,61046200,374,54
EMILI 10_11Y 3D | NR269757,1050,Mauve,10_11Y,NR269757,79,22095,4078,20074,1,102617,103711,61046200,374,54
EMILI 12_13Y 3D | NR269758,1050,Mauve,12_13Y,NR269758,79,22095,4078,20074,1,102618,103712,61046200,374,54
EMILI 14_15Y 3D | NR269759,1050,Mauve,14_15Y,NR269759,79,22095,4078,20074,1,102619,103713,61046200,374,54
EMILI 16Y 3D | NR269760,1050,Mauve,16Y,NR269760,79,22095,4078,20074,1,102620,103714,61046200,374,54
EMILI 10_11Y 3D | NR269761,1050,Lemon,10_11Y,NR269761,79,22095,4078,20074,1,102621,103715,61046200,374,54
EMILI 12_13Y 3D | NR269762,1050,Lemon,12_13Y,NR269762,79,22095,4078,20074,1,102622,103716,61046200,374,54
EMILI 14_15Y 3D | NR269763,1050,Lemon,14_15Y,NR269763,79,22095,4078,20074,1,102623,103717,61046200,374,54
EMILI 16Y 3D | NR269764,1050,Lemon,16Y,NR269764,79,22095,4078,20074,1,102624,103718,61046200,374,54
EMILI 10_11Y 3D | NR269765,1050,Fuchsia,10_11Y,NR269765,79,22095,4078,20074,1,102625,103719,61046200,374,54
EMILI 10_11Y 3D | NR269765,1050,Fuchsia,10_11Y,NR269765,79,22095,4078,20074,1,102626,103720,61046200,374,54
EMILI 12_13Y 3D | NR269766,1050,Fuchsia,12_13Y,NR269766,79,22095,4078,20074,1,102627,103721,61046200,374,54
EMILI 12_13Y 3D | NR269766,1050,Fuchsia,12_13Y,NR269766,79,22095,4078,20074,1,102628,103722,61046200,374,54
EMILI 14_15Y 3D | NR269767,1050,Fuchsia,14_15Y,NR269767,79,22095,4078,20074,1,102629,103723,61046200,374,54
EMILI 14_15Y 3D | NR269767,1050,Fuchsia,14_15Y,NR269767,79,22095,4078,20074,1,102630,103724,61046200,374,54
EMILI 16Y 3D | NR269768,1050,Fuchsia,16Y,NR269768,79,22095,4078,20074,1,102631,103725,61046200,374,54
EMILI 16Y 3D | NR269768,1050,Fuchsia,16Y,NR269768,79,22095,4078,20074,1,102632,103726,61046200,374,54
EMILI 10_11Y 3D | NR269769,1050,LightGreen,10_11Y,NR269769,79,22095,4078,20074,1,102633,103727,61046200,374,54
EMILI 12_13Y 3D | NR269770,1050,LightGreen,12_13Y,NR269770,79,22095,4078,20074,1,102634,103728,61046200,374,54
EMILI 14_15Y 3D | NR269771,1050,LightGreen,14_15Y,NR269771,79,22095,4078,20074,1,102635,103729,61046200,374,54
EMILI 16Y 3D | NR269772,1050,LightGreen,16Y,NR269772,79,22095,4078,20074,1,102636,103730,61046200,374,54
EMILI 10_11Y 3D | NR269773,1050,Red,10_11Y,NR269773,79,22095,4078,20074,1,102637,103731,61046200,374,54
EMILI 12_13Y 3D | NR269774,1050,Red,12_13Y,NR269774,79,22095,4078,20074,1,102638,103732,61046200,374,54
EMILI 14_15Y 3D | NR269775,1050,Red,14_15Y,NR269775,79,22095,4078,20074,1,102639,103733,61046200,374,54
EMILI 16Y 3D | NR269776,1050,Red,16Y,NR269776,79,22095,4078,20074,1,102640,103734,61046200,374,54
EMILI 10_11Y 3D | NR269777,1050,Sea Green,10_11Y,NR269777,79,22095,4078,20074,1,102641,103735,61046200,374,54
EMILI 12_13Y 3D | NR269778,1050,Sea Green,12_13Y,NR269778,79,22095,4078,20074,1,102642,103736,61046200,374,54
EMILI 14_15Y 3D | NR269779,1050,Sea Green,14_15Y,NR269779,79,22095,4078,20074,1,102643,103737,61046200,374,54
EMILI 16Y 3D | NR269780,1050,Sea Green,16Y,NR269780,79,22095,4078,20074,1,102644,103738,61046200,374,54
EMILI 10_11Y 3D | NR269781,1050,Baby Pink,10_11Y,NR269781,79,22095,4078,20074,1,102645,103739,61046200,374,54
EMILI 12_13Y 3D | NR269782,1050,Baby Pink,12_13Y,NR269782,79,22095,4078,20074,1,102646,103740,61046200,374,54
EMILI 14_15Y 3D | NR269783,1050,Baby Pink,14_15Y,NR269783,79,22095,4078,20074,1,102647,103741,61046200,374,54
EMILI 16Y 3D | NR269784,1050,Baby Pink,16Y,NR269784,79,22095,4078,20074,1,102648,103742,61046200,374,54
EMILI 10_11Y 2D | NR269785,1050,Lemon,10_11Y,NR269785,99,22095,4078,20074,1,102649,103743,61046200,374,58
EMILI 12_13Y 2D | NR269786,1050,Lemon,12_13Y,NR269786,99,22095,4078,20074,1,102650,103744,61046200,374,58
EMILI 14_15Y 2D | NR269787,1050,Lemon,14_15Y,NR269787,99,22095,4078,20074,1,102651,103745,61046200,374,58
EMILI 16Y 2D | NR269788,1050,Lemon,16Y,NR269788,99,22095,4078,20074,1,102652,103746,61046200,374,58
EMILI 10_11Y 2D | NR269789,1050,Sky Blue,10_11Y,NR269789,99,22095,4078,20074,1,102653,103747,61046200,374,58
EMILI 12_13Y 2D | NR269790,1050,Sky Blue,12_13Y,NR269790,99,22095,4078,20074,1,102654,103748,61046200,374,58
EMILI 14_15Y 2D | NR269791,1050,Sky Blue,14_15Y,NR269791,99,22095,4078,20074,1,102655,103749,61046200,374,58
EMILI 16Y 2D | NR269792,1050,Sky Blue,16Y,NR269792,99,22095,4078,20074,1,102656,103750,61046200,374,58
EMILI 10_11Y 3D | NR269793,1050,Black,10_11Y,NR269793,79,22095,4078,20074,1,102657,103751,61046200,374,54
EMILI 12_13Y 3D | NR269794,1050,Black,12_13Y,NR269794,79,22095,4078,20074,1,102658,103752,61046200,374,54
EMILI 14_15Y 3D | NR269795,1050,Black,14_15Y,NR269795,79,22095,4078,20074,1,102659,103753,61046200,374,54
EMILI 16Y 3D | NR269796,1050,Black,16Y,NR269796,79,22095,4078,20074,1,102660,103754,61046200,374,54
EMILI 10_11Y 3D | NR269797,1050,White,10_11Y,NR269797,79,22095,4078,20074,1,102661,103755,61046200,374,54
EMILI 12_13Y 3D | NR269798,1050,White,12_13Y,NR269798,79,22095,4078,20074,1,102662,103756,61046200,374,54
EMILI 14_15Y 3D | NR269799,1050,White,14_15Y,NR269799,79,22095,4078,20074,1,102663,103757,61046200,374,54
EMILI 16Y 3D | NR269800,1050,White,16Y,NR269800,79,22095,4078,20074,1,102664,103758,61046200,374,54